Retailer,Query,Total_Cards,Nike_Cards,Nike_Share,Nike_Positions,Best_Selector,Status,URL,Error
Moov,zapatillas running,20,12,0.6,"1,2,4,5,6,13,14,15,16,17,18,19",div.product-tile,OK,https://www.moov.com.ar/buscar?q=zapatillas+running&search-button=&lang=null,
Moov,zapatillas running hombre,20,12,0.6,"2,6,7,9,10,11,12,13,14,15,17,20",div.product-tile,OK,https://www.moov.com.ar/buscar?q=zapatillas+running+hombre&search-button=&lang=null,
Moov,zapatillas running mujer,20,12,0.6,"1,2,4,5,11,12,13,14,15,17,18,19",div.product-tile,OK,https://www.moov.com.ar/buscar?q=zapatillas+running+mujer&search-button=&lang=null,
Moov,zapatillas para correr,20,4,0.2,"5,6,7,8",div.product-tile,OK,https://www.moov.com.ar/buscar?q=zapatillas+para+correr&search-button=&lang=null,
Moov,zapatillas entrenamiento,20,4,0.2,"6,9,13,14",div.product-tile,OK,https://www.moov.com.ar/buscar?q=zapatillas+entrenamiento&search-button=&lang=null,
Moov,zapatillas training,3,0,0.0,,div.product-tile,OK,https://www.moov.com.ar/buscar?q=zapatillas+training&search-button=&lang=null,
Moov,zapatillas gym,2,0,0.0,,div.product-tile,OK,https://www.moov.com.ar/buscar?q=zapatillas+gym&search-button=&lang=null,
Moov,zapatillas crossfit,20,4,0.2,"6,9,13,14",div.product-tile,OK,https://www.moov.com.ar/buscar?q=zapatillas+crossfit&search-button=&lang=null,
Moov,botines de futbol,2,1,0.5,1,div.product-tile,OK,https://www.moov.com.ar/buscar?q=botines+de+futbol&search-button=&lang=null,
Moov,botines futbol hombre,2,1,0.5,1,div.product-tile,OK,https://www.moov.com.ar/buscar?q=botines+futbol+hombre&search-button=&lang=null,
Moov,botines futsal,2,1,0.5,1,div.product-tile,OK,https://www.moov.com.ar/buscar?q=botines+futsal&search-button=&lang=null,
Moov,botines sala,2,1,0.5,1,div.product-tile,OK,https://www.moov.com.ar/buscar?q=botines+sala&search-button=&lang=null,
Moov,zapatillas urbanas,20,1,0.05,13,div.product-tile,OK,https://www.moov.com.ar/buscar?q=zapatillas+urbanas&search-button=&lang=null,
Moov,zapatillas blancas,20,6,0.3,"4,6,9,10,17,18",div.product-tile,OK,https://www.moov.com.ar/buscar?q=zapatillas+blancas&search-button=&lang=null,
Moov,zapatillas negras,20,3,0.15,"6,13,15",div.product-tile,OK,https://www.moov.com.ar/buscar?q=zapatillas+negras&search-button=&lang=null,
Moov,zapatillas casual,3,0,0.0,,div.product-tile,OK,https://www.moov.com.ar/buscar?q=zapatillas+casual&search-button=&lang=null,
Moov,sneakers,20,4,0.2,"6,9,13,14",div.product-tile,OK,https://www.moov.com.ar/buscar?q=sneakers&search-button=&lang=null,
Moov,zapatillas ninos,20,1,0.05,1,div.product-tile,OK,https://www.moov.com.ar/buscar?q=zapatillas+ninos&search-button=&lang=null,
Moov,remera deportiva,3,0,0.0,,div.product-tile,OK,https://www.moov.com.ar/buscar?q=remera+deportiva&search-button=&lang=null,
Moov,campera deportiva,20,4,0.2,"6,15,16,20",div.product-tile,OK,https://www.moov.com.ar/buscar?q=campera+deportiva&search-button=&lang=null,
Moov,buzo deportivo,20,2,0.1,"8,12",div.product-tile,OK,https://www.moov.com.ar/buscar?q=buzo+deportivo&search-button=&lang=null,
Moov,short deportivo,7,0,0.0,,div.product-tile,OK,https://www.moov.com.ar/buscar?q=short+deportivo&search-button=&lang=null,
Moov,ropa deportiva,3,0,0.0,,div.product-tile,OK,https://www.moov.com.ar/buscar?q=ropa+deportiva&search-button=&lang=null,
Moov,zapatillas trail,3,0,0.0,,div.product-tile,OK,https://www.moov.com.ar/buscar?q=zapatillas+trail&search-button=&lang=null,
Moov,zapatillas trekking,20,4,0.2,"6,9,13,14",div.product-tile,OK,https://www.moov.com.ar/buscar?q=zapatillas+trekking,
Moov,zapatillas tenis,3,2,0.6667,"1,2",div.product-tile,OK,https://www.moov.com.ar/buscar?q=zapatillas+tenis&search-button=&lang=null,
Moov,zapatillas padel,20,4,0.2,"6,9,13,14",div.product-tile,OK,https://www.moov.com.ar/buscar?q=zapatillas+padel&search-button=&lang=null,
Moov,mochila deportiva,20,6,0.3,"1,4,10,14,16,20",div.product-tile,OK,https://www.moov.com.ar/buscar?q=mochila+deportiva&search-button=&lang=null,
Moov,medias deportivas,20,10,0.5,"2,6,7,9,13,16,17,18,19,20",div.product-tile,OK,https://www.moov.com.ar/buscar?q=medias+deportivas&search-button=&lang=null,
Moov,zapatillas basquet,20,6,0.3,"2,5,9,10,11,17",div.product-tile,OK,https://www.moov.com.ar/buscar?q=zapatillas+basquet&search-button=&lang=null,
Dexter,zapatillas running,20,4,0.2,"4,8,13,16",div.product-tile,OK,https://www.dexter.com.ar/buscar?q=zapatillas+running,
Dexter,zapatillas running hombre,20,7,0.35,"2,6,9,13,17,18,19",div.product-tile,OK,https://www.dexter.com.ar/buscar?q=zapatillas+running+hombre,
Dexter,zapatillas running mujer,20,1,0.05,6,div.product-tile,OK,https://www.dexter.com.ar/buscar?q=zapatillas+running+mujer,
Dexter,zapatillas para correr,20,1,0.05,18,div.product-tile,OK,https://www.dexter.com.ar/buscar?q=zapatillas+para+correr,
Dexter,zapatillas entrenamiento,20,4,0.2,"5,14,15,16",div.product-tile,OK,https://www.dexter.com.ar/buscar?q=zapatillas+entrenamiento,
Dexter,zapatillas training,20,2,0.1,"11,20",div.product-tile,OK,https://www.dexter.com.ar/buscar?q=zapatillas+training,
Dexter,zapatillas gym,20,0,0.0,,div.product-tile,OK,https://www.dexter.com.ar/buscar?q=zapatillas+gym,
Dexter,zapatillas crossfit,20,2,0.1,"4,18",div.product-tile,OK,https://www.dexter.com.ar/buscar?q=zapatillas+crossfit,
Dexter,botines de futbol,20,0,0.0,,div.product-tile,OK,https://www.dexter.com.ar/buscar?q=botines+de+futbol,
Dexter,botines futbol hombre,20,3,0.15,"15,16,17",div.product-tile,OK,https://www.dexter.com.ar/buscar?q=botines+futbol+hombre,
Dexter,botines futsal,20,0,0.0,,div.product-tile,OK,https://www.dexter.com.ar/buscar?q=botines+futsal,
Dexter,botines sala,17,1,0.0588,17,div.product-tile,OK,https://www.dexter.com.ar/buscar?q=botines+sala,
Dexter,zapatillas urbanas,20,1,0.05,16,div.product-tile,OK,https://www.dexter.com.ar/buscar?q=zapatillas+urbanas,
Dexter,zapatillas blancas,20,2,0.1,"4,18",div.product-tile,OK,https://www.dexter.com.ar/buscar?q=zapatillas+blancas,
Dexter,zapatillas negras,20,2,0.1,"4,18",div.product-tile,OK,https://www.dexter.com.ar/buscar?q=zapatillas+negras,
Dexter,zapatillas casual,8,0,0.0,,div.product-tile,OK,https://www.dexter.com.ar/buscar?q=zapatillas+casual,
Dexter,sneakers,20,2,0.1,"4,18",div.product-tile,OK,https://www.dexter.com.ar/buscar?q=sneakers,
Dexter,zapatillas ninos,20,1,0.05,20,div.product-tile,OK,https://www.dexter.com.ar/buscar?q=zapatillas+ninos,
Dexter,remera deportiva,20,0,0.0,,div.product-tile,OK,https://www.dexter.com.ar/buscar?q=remera+deportiva,
Dexter,campera deportiva,2,0,0.0,,div.product-tile,OK,https://www.dexter.com.ar/buscar?q=campera+deportiva,
Dexter,buzo deportivo,2,0,0.0,,div.product-tile,OK,https://www.dexter.com.ar/buscar?q=buzo+deportivo,
Dexter,short deportivo,20,3,0.15,"8,12,17",div.product-tile,OK,https://www.dexter.com.ar/buscar?q=short+deportivo,
Dexter,ropa deportiva,2,0,0.0,,div.product-tile,OK,https://www.dexter.com.ar/buscar?q=ropa+deportiva,
Dexter,zapatillas trail,20,5,0.25,"4,5,10,12,13",div.product-tile,OK,https://www.dexter.com.ar/buscar?q=zapatillas+trail,
Dexter,zapatillas trekking,20,3,0.15,"6,18,19",div.product-tile,OK,https://www.dexter.com.ar/buscar?q=zapatillas+trekking,
Dexter,zapatillas tenis,20,2,0.1,"10,18",div.product-tile,OK,https://www.dexter.com.ar/buscar?q=zapatillas+tenis,
Dexter,zapatillas padel,20,0,0.0,,div.product-tile,OK,https://www.dexter.com.ar/buscar?q=zapatillas+padel,
Dexter,mochila deportiva,3,0,0.0,,div.product-tile,OK,https://www.dexter.com.ar/buscar?q=mochila+deportiva,
Dexter,medias deportivas,20,6,0.3,"2,3,8,9,13,17",div.product-tile,OK,https://www.dexter.com.ar/buscar?q=medias+deportivas,
Dexter,zapatillas basquet,20,10,0.5,"1,6,7,9,10,16,17,18,19,20",div.product-tile,OK,https://www.dexter.com.ar/buscar?q=zapatillas+basquet,
StockCenter,zapatillas running,20,4,0.2,"3,7,8,10",div.product-tile,OK,https://www.stockcenter.com.ar/buscar?q=zapatillas+running,
StockCenter,zapatillas running hombre,20,3,0.15,"4,5,15",div.product-tile,OK,https://www.stockcenter.com.ar/buscar?q=zapatillas+running+hombre&search-button=&lang=null,
StockCenter,zapatillas running mujer,20,2,0.1,"2,4",div.product-tile,OK,https://www.stockcenter.com.ar/buscar?q=zapatillas+running+mujer&search-button=&lang=null,
StockCenter,zapatillas para correr,20,1,0.05,1,div.product-tile,OK,https://www.stockcenter.com.ar/buscar?q=zapatillas+para+correr&search-button=&lang=null,
StockCenter,zapatillas entrenamiento,20,2,0.1,"4,6",div.product-tile,OK,https://www.stockcenter.com.ar/buscar?q=zapatillas+entrenamiento&search-button=&lang=null,
StockCenter,zapatillas training,20,2,0.1,"7,14",div.product-tile,OK,https://www.stockcenter.com.ar/buscar?q=zapatillas+training&search-button=&lang=null,
StockCenter,zapatillas gym,20,0,0.0,,div.product-tile,OK,https://www.stockcenter.com.ar/buscar?q=zapatillas+gym&search-button=&lang=null,
StockCenter,zapatillas crossfit,20,3,0.15,"5,9,14",div.product-tile,OK,https://www.stockcenter.com.ar/buscar?q=zapatillas+crossfit&search-button=&lang=null,
StockCenter,botines de futbol,20,1,0.05,11,div.product-tile,OK,https://www.stockcenter.com.ar/buscar?q=botines+de+futbol&search-button=&lang=null,
StockCenter,botines futbol hombre,20,3,0.15,"11,13,15",div.product-tile,OK,https://www.stockcenter.com.ar/buscar?q=botines+futbol+hombre&search-button=&lang=null,
StockCenter,botines futsal,20,1,0.05,11,div.product-tile,OK,https://www.stockcenter.com.ar/buscar?q=botines+futsal&search-button=&lang=null,
StockCenter,botines sala,14,0,0.0,,div.product-tile,OK,https://www.stockcenter.com.ar/buscar?q=botines+sala&search-button=&lang=null,
StockCenter,zapatillas urbanas,20,1,0.05,11,div.product-tile,OK,https://www.stockcenter.com.ar/buscar?q=zapatillas+urbanas&search-button=&lang=null,
StockCenter,zapatillas blancas,20,3,0.15,"5,9,14",div.product-tile,OK,https://www.stockcenter.com.ar/buscar?q=zapatillas+blancas&search-button=&lang=null,
StockCenter,zapatillas negras,20,3,0.15,"5,9,14",div.product-tile,OK,https://www.stockcenter.com.ar/buscar?q=zapatillas+negras&search-button=&lang=null,
StockCenter,zapatillas casual,6,0,0.0,,div.product-tile,OK,https://www.stockcenter.com.ar/buscar?q=zapatillas+casual&search-button=&lang=null,
StockCenter,sneakers,20,3,0.15,"5,9,14",div.product-tile,OK,https://www.stockcenter.com.ar/buscar?q=sneakers&search-button=&lang=null,
StockCenter,zapatillas ninos,20,0,0.0,,div.product-tile,OK,https://www.stockcenter.com.ar/buscar?q=zapatillas+ninos&search-button=&lang=null,
StockCenter,remera deportiva,20,2,0.1,"3,20",div.product-tile,OK,https://www.stockcenter.com.ar/buscar?q=remera+deportiva&search-button=&lang=null,
StockCenter,campera deportiva,20,3,0.15,"11,19,20",div.product-tile,OK,https://www.stockcenter.com.ar/buscar?q=campera+deportiva&search-button=&lang=null,
StockCenter,buzo deportivo,20,3,0.15,"11,19,20",div.product-tile,OK,https://www.stockcenter.com.ar/buscar?q=buzo+deportivo&search-button=&lang=null,
StockCenter,short deportivo,20,6,0.3,"4,7,8,12,17,18",div.product-tile,OK,https://www.stockcenter.com.ar/buscar?q=short+deportivo&search-button=&lang=null,
StockCenter,ropa deportiva,20,1,0.05,13,div.product-tile,OK,https://www.stockcenter.com.ar/buscar?q=ropa+deportiva&search-button=&lang=null,
StockCenter,zapatillas trail,20,1,0.05,20,div.product-tile,OK,https://www.stockcenter.com.ar/buscar?q=zapatillas+trail&search-button=&lang=null,
StockCenter,zapatillas trekking,20,0,0.0,,div.product-tile,OK,https://www.stockcenter.com.ar/buscar?q=zapatillas+trekking&search-button=&lang=null,
StockCenter,zapatillas tenis,20,1,0.05,9,div.product-tile,OK,https://www.stockcenter.com.ar/buscar?q=zapatillas+tenis&search-button=&lang=null,
StockCenter,zapatillas padel,18,0,0.0,,div.product-tile,OK,https://www.stockcenter.com.ar/buscar?q=zapatillas+padel&search-button=&lang=null,
StockCenter,mochila deportiva,4,0,0.0,,div.product-tile,OK,https://www.stockcenter.com.ar/buscar?q=mochila+deportiva&search-button=&lang=null,
StockCenter,medias deportivas,20,6,0.3,"4,11,12,13,14,15",div.product-tile,OK,https://www.stockcenter.com.ar/buscar?q=medias+deportivas&search-button=&lang=null,
StockCenter,zapatillas basquet,20,1,0.05,4,div.product-tile,OK,https://www.stockcenter.com.ar/buscar?q=zapatillas+basquet&search-button=&lang=null,
Sporting,zapatillas running,20,0,0.0,,"section[class*=""product-summary""]",OK,https://www.sporting.com.ar/zapatillas%20running,
Sporting,zapatillas running hombre,20,2,0.1,"15,16","section[class*=""product-summary""]",OK,https://www.sporting.com.ar/zapatillas%20running%20hombre,
Sporting,zapatillas running mujer,20,0,0.0,,"section[class*=""product-summary""]",OK,https://www.sporting.com.ar/zapatillas%20running%20mujer,
Sporting,zapatillas para correr,20,0,0.0,,"section[class*=""product-summary""]",OK,https://www.sporting.com.ar/zapatillas%20para%20correr,
Sporting,zapatillas entrenamiento,6,0,0.0,,"section[class*=""product-summary""]",OK,https://www.sporting.com.ar/zapatillas%20entrenamiento,
Sporting,zapatillas training,20,2,0.1,"11,12","section[class*=""product-summary""]",OK,https://www.sporting.com.ar/zapatillas%20training,
Sporting,zapatillas gym,20,0,0.0,,"section[class*=""product-summary""]",OK,https://www.sporting.com.ar/zapatillas%20gym,
Sporting,zapatillas crossfit,20,0,0.0,,"section[class*=""product-summary""]",OK,https://www.sporting.com.ar/zapatillas%20crossfit,
Sporting,botines de futbol,20,2,0.1,"13,14","section[class*=""product-summary""]",OK,https://www.sporting.com.ar/botines%20de%20futbol,
Sporting,botines futbol hombre,20,2,0.1,"13,14","section[class*=""product-summary""]",OK,https://www.sporting.com.ar/botines%20futbol%20hombre,
Sporting,botines futsal,20,2,0.1,"3,4","section[class*=""product-summary""]",OK,https://www.sporting.com.ar/botines%20futsal,
Sporting,botines sala,8,0,0.0,,"section[class*=""product-summary""]",OK,https://www.sporting.com.ar/botines%20sala,
Sporting,zapatillas urbanas,20,0,0.0,,"section[class*=""product-summary""]",OK,https://www.sporting.com.ar/zapatillas%20urbanas,
Sporting,zapatillas blancas,20,0,0.0,,"section[class*=""product-summary""]",OK,https://www.sporting.com.ar/zapatillas%20blancas,
Sporting,zapatillas negras,20,2,0.1,"19,20","section[class*=""product-summary""]",OK,https://www.sporting.com.ar/zapatillas%20negras,
Sporting,zapatillas casual,20,0,0.0,,"section[class*=""product-summary""]",OK,https://www.sporting.com.ar/zapatillas%20casual,
Sporting,sneakers,20,0,0.0,,"section[class*=""product-summary""]",OK,https://www.sporting.com.ar/sneakers,
Sporting,zapatillas ninos,20,0,0.0,,"section[class*=""product-summary""]",OK,https://www.sporting.com.ar/zapatillas%20ninos,
Sporting,remera deportiva,20,0,0.0,,"section[class*=""product-summary""]",OK,https://www.sporting.com.ar/remera%20deportiva,
Sporting,campera deportiva,12,0,0.0,,"section[class*=""product-summary""]",OK,https://www.sporting.com.ar/campera%20deportiva,
Sporting,buzo deportivo,4,0,0.0,,"section[class*=""product-summary""]",OK,https://www.sporting.com.ar/buzo%20deportivo,
Sporting,short deportivo,3,0,0.0,,"section[class*=""product-summary""]",OK,https://www.sporting.com.ar/short%20deportivo,
Sporting,ropa deportiva,20,0,0.0,,"section[class*=""product-summary""]",OK,https://www.sporting.com.ar/ropa%20deportiva,
Sporting,zapatillas trail,18,2,0.1111,"1,2","section[class*=""product-summary""]",OK,https://www.sporting.com.ar/zapatillas%20trail,
Sporting,zapatillas trekking,20,0,0.0,,"section[class*=""product-summary""]",OK,https://www.sporting.com.ar/zapatillas%20trekking,
Sporting,zapatillas tenis,20,0,0.0,,"section[class*=""product-summary""]",OK,https://www.sporting.com.ar/zapatillas%20tenis,
Sporting,zapatillas padel,20,0,0.0,,"section[class*=""product-summary""]",OK,https://www.sporting.com.ar/padel,
Sporting,mochila deportiva,20,2,0.1,"7,8","section[class*=""product-summary""]",OK,https://www.sporting.com.ar/mochila%20deportiva,
Sporting,medias deportivas,20,0,0.0,,"section[class*=""product-summary""]",OK,https://www.sporting.com.ar/medias%20deportivas,
Sporting,zapatillas basquet,20,0,0.0,,"section[class*=""product-summary""]",OK,https://www.sporting.com.ar/zapatillas%20basquet,
SoloDeportes,zapatillas running,20,0,0.0,,.products-grid li,OK,https://www.solodeportes.com.ar/catalogsearch/result/?q=zapatillas%20running&p=3,
SoloDeportes,zapatillas running hombre,20,0,0.0,,.products-grid li,OK,https://www.solodeportes.com.ar/catalogsearch/result/?q=zapatillas+running+hombre,
SoloDeportes,zapatillas running mujer,20,0,0.0,,.products-grid li,OK,https://www.solodeportes.com.ar/catalogsearch/result/?q=zapatillas+running+mujer,
SoloDeportes,zapatillas para correr,20,0,0.0,,.products-grid li,OK,https://www.solodeportes.com.ar/catalogsearch/result/?q=zapatillas+para+correr,
SoloDeportes,zapatillas entrenamiento,20,0,0.0,,.products-grid li,OK,https://www.solodeportes.com.ar/catalogsearch/result/?q=zapatillas+entrenamiento,
SoloDeportes,zapatillas training,20,0,0.0,,.products-grid li,OK,https://www.solodeportes.com.ar/catalogsearch/result/?q=zapatillas+training,
SoloDeportes,zapatillas gym,11,0,0.0,,.products-grid li,OK,https://www.solodeportes.com.ar/catalogsearch/result/?q=zapatillas+gym,
SoloDeportes,zapatillas crossfit,20,0,0.0,,.products-grid li,OK,https://www.solodeportes.com.ar/catalogsearch/result/?q=zapatillas+crossfit,
SoloDeportes,botines de futbol,20,0,0.0,,.products-grid li,OK,https://www.solodeportes.com.ar/catalogsearch/result/?q=botines+de+futbol,
SoloDeportes,botines futbol hombre,20,1,0.05,7,.products-grid li,OK,https://www.solodeportes.com.ar/catalogsearch/result/?q=botines+futbol+hombre,
SoloDeportes,botines futsal,20,0,0.0,,.products-grid li,OK,https://www.solodeportes.com.ar/catalogsearch/result/?q=botines+futsal,
SoloDeportes,botines sala,20,0,0.0,,.products-grid li,OK,https://www.solodeportes.com.ar/catalogsearch/result/?q=botines+sala,
SoloDeportes,zapatillas urbanas,20,0,0.0,,.products-grid li,OK,https://www.solodeportes.com.ar/catalogsearch/result/?q=zapatillas+urbanas,
SoloDeportes,zapatillas blancas,20,0,0.0,,.products-grid li,OK,https://www.solodeportes.com.ar/catalogsearch/result/?q=zapatillas+blancas,
SoloDeportes,zapatillas negras,20,0,0.0,,.products-grid li,OK,https://www.solodeportes.com.ar/catalogsearch/result/?q=zapatillas+negras,
SoloDeportes,zapatillas casual,20,0,0.0,,.products-grid li,OK,https://www.solodeportes.com.ar/catalogsearch/result/?q=zapatillas+casual,
SoloDeportes,sneakers,5,0,0.0,,.products-grid li,OK,https://www.solodeportes.com.ar/catalogsearch/result/?q=sneakers,
SoloDeportes,zapatillas ninos,20,0,0.0,,.products-grid li,OK,https://www.solodeportes.com.ar/catalogsearch/result/?q=zapatillas+ninos,
SoloDeportes,remera deportiva,20,0,0.0,,.products-grid li,OK,https://www.solodeportes.com.ar/catalogsearch/result/?q=remera+deportiva,
SoloDeportes,campera deportiva,20,0,0.0,,.products-grid li,OK,https://www.solodeportes.com.ar/catalogsearch/result/?q=campera+deportiva,
SoloDeportes,buzo deportivo,20,1,0.05,19,.products-grid li,OK,https://www.solodeportes.com.ar/catalogsearch/result/?q=buzo+deportivo,
SoloDeportes,short deportivo,20,0,0.0,,.products-grid li,OK,https://www.solodeportes.com.ar/catalogsearch/result/?q=short+deportivo,
SoloDeportes,ropa deportiva,20,0,0.0,,.products-grid li,OK,https://www.solodeportes.com.ar/catalogsearch/result/?q=ropa+deportiva,
SoloDeportes,zapatillas trail,20,0,0.0,,.products-grid li,OK,https://www.solodeportes.com.ar/catalogsearch/result/?q=zapatillas+trail,
SoloDeportes,zapatillas trekking,20,0,0.0,,.products-grid li,OK,https://www.solodeportes.com.ar/catalogsearch/result/?q=zapatillas+trekking,
SoloDeportes,zapatillas tenis,20,0,0.0,,.products-grid li,OK,https://www.solodeportes.com.ar/catalogsearch/result/?q=zapatillas+tenis,
SoloDeportes,zapatillas padel,20,0,0.0,,.products-grid li,OK,https://www.solodeportes.com.ar/catalogsearch/result/?q=zapatillas+padel,
SoloDeportes,mochila deportiva,20,0,0.0,,.products-grid li,OK,https://www.solodeportes.com.ar/catalogsearch/result/?q=mochila+deportiva,
SoloDeportes,medias deportivas,20,0,0.0,,.products-grid li,OK,https://www.solodeportes.com.ar/catalogsearch/result/?q=medias+deportivas,
SoloDeportes,zapatillas basquet,20,0,0.0,,.products-grid li,OK,https://www.solodeportes.com.ar/catalogsearch/result/?q=zapatillas+basquet,
DigitalSport,zapatillas running,20,5,0.25,"1,9,10,11,12",a.product[productid],OK,https://www.digitalsport.com.ar/buscar/?q=zapatillas+running,
DigitalSport,zapatillas running hombre,20,5,0.25,"1,10,11,12,13",a.product[productid],OK,https://www.digitalsport.com.ar/buscar/?q=zapatillas+running+hombre,
DigitalSport,zapatillas running mujer,20,5,0.25,"1,9,10,11,12",a.product[productid],OK,https://www.digitalsport.com.ar/buscar/?q=zapatillas+running+mujer,
DigitalSport,zapatillas para correr,20,5,0.25,"1,10,11,12,13",a.product[productid],OK,https://www.digitalsport.com.ar/buscar/?q=zapatillas+para+correr,
DigitalSport,zapatillas entrenamiento,20,5,0.25,"1,10,11,12,13",a.product[productid],OK,https://www.digitalsport.com.ar/buscar/?q=zapatillas+entrenamiento,
DigitalSport,zapatillas training,20,5,0.25,"1,10,11,12,13",a.product[productid],OK,https://www.digitalsport.com.ar/buscar/?q=zapatillas+training,
DigitalSport,zapatillas gym,20,5,0.25,"1,9,10,11,12",a.product[productid],OK,https://www.digitalsport.com.ar/buscar/?q=zapatillas+gym,
DigitalSport,zapatillas crossfit,20,5,0.25,"1,10,11,12,13",a.product[productid],OK,https://www.digitalsport.com.ar/buscar/?q=zapatillas+crossfit,
DigitalSport,botines de futbol,20,5,0.25,"1,10,11,12,13",a.product[productid],OK,https://www.digitalsport.com.ar/buscar/?q=botines+de+futbol,
DigitalSport,botines futbol hombre,20,5,0.25,"1,9,10,11,12",a.product[productid],OK,https://www.digitalsport.com.ar/buscar/?q=botines+futbol+hombre,
DigitalSport,botines futsal,20,6,0.3,"1,9,10,11,12,20",a.product[productid],OK,https://www.digitalsport.com.ar/buscar/?q=botines+futsal,
DigitalSport,botines sala,20,6,0.3,"1,10,11,12,13,20",a.product[productid],OK,https://www.digitalsport.com.ar/buscar/?q=botines+sala,
DigitalSport,zapatillas urbanas,20,5,0.25,"1,10,11,12,13",a.product[productid],OK,https://www.digitalsport.com.ar/buscar/?q=zapatillas+urbanas,
DigitalSport,zapatillas blancas,20,5,0.25,"1,9,10,11,12",a.product[productid],OK,https://www.digitalsport.com.ar/buscar/?q=zapatillas+blancas,
DigitalSport,zapatillas negras,20,5,0.25,"1,10,11,12,13",a.product[productid],OK,https://www.digitalsport.com.ar/buscar/?q=zapatillas+negras,
DigitalSport,zapatillas casual,20,5,0.25,"1,10,11,12,13",a.product[productid],OK,https://www.digitalsport.com.ar/buscar/?q=zapatillas+casual,
DigitalSport,sneakers,20,5,0.25,"1,10,11,12,13",a.product[productid],OK,https://www.digitalsport.com.ar/buscar/?q=sneakers,
DigitalSport,zapatillas ninos,20,5,0.25,"1,10,11,12,13",a.product[productid],OK,https://www.digitalsport.com.ar/buscar/?q=zapatillas+ninos,
DigitalSport,remera deportiva,20,5,0.25,"1,10,11,12,13",a.product[productid],OK,https://www.digitalsport.com.ar/buscar/?q=remera+deportiva,
DigitalSport,campera deportiva,20,5,0.25,"1,9,10,11,12",a.product[productid],OK,https://www.digitalsport.com.ar/buscar/?q=campera+deportiva,
DigitalSport,buzo deportivo,20,5,0.25,"8,9,10,11,14",a.product[productid],OK,https://www.digitalsport.com.ar/buscar/?q=buzo+deportivo,
DigitalSport,short deportivo,20,5,0.25,"9,10,11,12,14",a.product[productid],OK,https://www.digitalsport.com.ar/buscar/?q=short+deportivo,
DigitalSport,ropa deportiva,20,5,0.25,"9,10,11,12,14",a.product[productid],OK,https://www.digitalsport.com.ar/buscar/?q=ropa+deportiva,
DigitalSport,zapatillas trail,20,5,0.25,"8,9,10,11,14",a.product[productid],OK,https://www.digitalsport.com.ar/buscar/?q=zapatillas+trail,
DigitalSport,zapatillas trekking,20,5,0.25,"8,9,10,11,14",a.product[productid],OK,https://www.digitalsport.com.ar/buscar/?q=zapatillas+trekking,
DigitalSport,zapatillas tenis,20,5,0.25,"9,10,11,12,14",a.product[productid],OK,https://www.digitalsport.com.ar/buscar/?q=zapatillas+tenis,
DigitalSport,zapatillas padel,20,5,0.25,"9,10,11,12,14",a.product[productid],OK,https://www.digitalsport.com.ar/buscar/?q=zapatillas+padel,
DigitalSport,mochila deportiva,20,6,0.3,"9,10,11,12,14,20",a.product[productid],OK,https://www.digitalsport.com.ar/buscar/?q=mochila+deportiva,
DigitalSport,medias deportivas,20,5,0.25,"8,9,10,11,14",a.product[productid],OK,https://www.digitalsport.com.ar/buscar/?q=medias+deportivas,
DigitalSport,zapatillas basquet,20,5,0.25,"8,9,10,11,14",a.product[productid],OK,https://www.digitalsport.com.ar/buscar/?q=zapatillas+basquet,
OpenSports,zapatillas running,20,10,0.5,"3,4,5,8,14,15,16,17,18,19",li.product-item,OK,https://www.opensports.com.ar/catalogsearch/result/?q=zapatillas+running,
OpenSports,zapatillas running hombre,20,10,0.5,"4,5,6,9,15,16,17,18,19,20",li.product-item,OK,https://www.opensports.com.ar/catalogsearch/result/?q=zapatillas+running+hombre,
OpenSports,zapatillas running mujer,20,10,0.5,"3,4,5,8,14,15,16,17,18,19",li.product-item,OK,https://www.opensports.com.ar/catalogsearch/result/?q=zapatillas+running+mujer,
OpenSports,zapatillas para correr,20,0,0.0,,li.product-item,OK,https://www.opensports.com.ar/catalogsearch/result/?q=zapatillas+para+correr,
OpenSports,zapatillas entrenamiento,20,2,0.1,"13,20",li.product-item,OK,https://www.opensports.com.ar/catalogsearch/result/?q=zapatillas+entrenamiento,
OpenSports,zapatillas training,4,0,0.0,,li.product-item,OK,https://www.opensports.com.ar/catalogsearch/result/?q=zapatillas+training,
OpenSports,zapatillas gym,3,0,0.0,,li.product-item,OK,https://www.opensports.com.ar/catalogsearch/result/?q=zapatillas+gym,
OpenSports,zapatillas crossfit,1,0,0.0,,li.product-item,OK,https://www.opensports.com.ar/catalogsearch/result/?q=zapatillas+crossfit,
OpenSports,botines de futbol,20,0,0.0,,li.product-item,OK,https://www.opensports.com.ar/catalogsearch/result/?q=botines+de+futbol,
OpenSports,botines futbol hombre,20,0,0.0,,li.product-item,OK,https://www.opensports.com.ar/catalogsearch/result/?q=botines+futbol+hombre,
OpenSports,botines futsal,0,0,,,li.product-item,OK,https://www.opensports.com.ar/catalogsearch/result/?q=botines+futsal,
OpenSports,botines sala,0,0,,,li.product-item,OK,https://www.opensports.com.ar/catalogsearch/result/?q=botines+sala,
OpenSports,zapatillas urbanas,15,2,0.1333,"5,10",li.product-item,OK,https://www.opensports.com.ar/catalogsearch/result/?q=zapatillas+urbanas,
OpenSports,zapatillas blancas,5,0,0.0,,li.product-item,OK,https://www.opensports.com.ar/catalogsearch/result/?q=zapatillas+blancas,
OpenSports,zapatillas negras,1,0,0.0,,li.product-item,OK,https://www.opensports.com.ar/catalogsearch/result/?q=zapatillas+negras,
OpenSports,zapatillas casual,20,0,0.0,,li.product-item,OK,https://www.opensports.com.ar/catalogsearch/result/?q=zapatillas+casual,
OpenSports,sneakers,3,0,0.0,,li.product-item,OK,https://www.opensports.com.ar/catalogsearch/result/?q=sneakers,
OpenSports,zapatillas ninos,6,0,0.0,,li.product-item,OK,https://www.opensports.com.ar/catalogsearch/result/?q=zapatillas+ninos,
OpenSports,remera deportiva,5,0,0.0,,li.product-item,OK,https://www.opensports.com.ar/catalogsearch/result/?q=remera+deportiva,
OpenSports,campera deportiva,15,0,0.0,,li.product-item,OK,https://www.opensports.com.ar/catalogsearch/result/?q=campera+deportiva,
OpenSports,buzo deportivo,5,0,0.0,,li.product-item,OK,https://www.opensports.com.ar/catalogsearch/result/?q=buzo+deportivo,
OpenSports,short deportivo,14,0,0.0,,li.product-item,OK,https://www.opensports.com.ar/catalogsearch/result/?q=short+deportivo,
OpenSports,ropa deportiva,20,0,0.0,,li.product-item,OK,https://www.opensports.com.ar/catalogsearch/result/?q=ropa+deportiva,
OpenSports,zapatillas trail,20,19,0.95,"1,2,3,4,5,6,7,8,9,11,12,13,14,15,16,17,18,19,20",li.product-item,OK,https://www.opensports.com.ar/catalogsearch/result/?q=zapatillas+trail,
OpenSports,zapatillas trekking,0,0,,,li.product-item,OK,https://www.opensports.com.ar/catalogsearch/result/?q=zapatillas+trekking,
OpenSports,zapatillas tenis,12,0,0.0,,li.product-item,OK,https://www.opensports.com.ar/catalogsearch/result/?q=zapatillas+tenis,
OpenSports,zapatillas padel,6,0,0.0,,li.product-item,OK,https://www.opensports.com.ar/catalogsearch/result/?q=zapatillas+padel,
OpenSports,mochila deportiva,0,0,,,li.product-item,OK,https://www.opensports.com.ar/catalogsearch/result/?q=mochila+deportiva,
OpenSports,medias deportivas,9,0,0.0,,li.product-item,OK,https://www.opensports.com.ar/catalogsearch/result/?q=medias+deportivas,
OpenSports,zapatillas basquet,5,0,0.0,,li.product-item,OK,https://www.opensports.com.ar/catalogsearch/result/?q=zapatillas+basquet,
MercadoLibre,zapatillas running,20,7,0.35,"3,4,7,8,9,14,20",link-fallback,OK,https://listado.mercadolibre.com.ar/zapatillas-running,
MercadoLibre,zapatillas running hombre,20,6,0.3,"3,4,7,8,11,14",link-fallback,OK,https://listado.mercadolibre.com.ar/zapatillas-running-hombre?sb=all_mercadolibre#D[A:zapatillas%20running%20hombre],
MercadoLibre,zapatillas running mujer,20,3,0.15,"3,9,19",link-fallback,OK,https://listado.mercadolibre.com.ar/zapatillas-running-mujer?sb=all_mercadolibre#D[A:zapatillas%20running%20mujer],
MercadoLibre,zapatillas para correr,20,6,0.3,"3,4,8,9,10,15",link-fallback,OK,https://listado.mercadolibre.com.ar/zapatillas-para-correr?sb=all_mercadolibre#D[A:zapatillas%20para%20correr],
MercadoLibre,zapatillas entrenamiento,20,8,0.4,"3,8,10,12,14,16,17,18",link-fallback,OK,https://listado.mercadolibre.com.ar/zapatillas-entrenamiento?sb=all_mercadolibre#D[A:zapatillas%20entrenamiento],
MercadoLibre,zapatillas training,20,8,0.4,"3,7,10,12,13,15,17,19",link-fallback,OK,https://listado.mercadolibre.com.ar/zapatillas-training?sb=all_mercadolibre#D[A:zapatillas%20training],
MercadoLibre,zapatillas gym,20,0,0.0,,link-fallback,OK,https://listado.mercadolibre.com.ar/zapatillas-gym?sb=all_mercadolibre#D[A:zapatillas%20gym],
MercadoLibre,zapatillas crossfit,20,0,0.0,,link-fallback,OK,https://listado.mercadolibre.com.ar/zapatillas-crossfit?sb=all_mercadolibre#D[A:zapatillas%20crossfit],
MercadoLibre,botines de futbol,20,11,0.55,"3,4,5,6,7,9,12,13,17,18,19",link-fallback,OK,https://listado.mercadolibre.com.ar/botines-de-futbol?sb=all_mercadolibre#D[A:botines%20de%20futbol],
MercadoLibre,botines futbol hombre,20,12,0.6,"3,4,5,6,7,8,10,13,14,17,18,19",link-fallback,OK,https://listado.mercadolibre.com.ar/botines-futbol-hombre?sb=all_mercadolibre#D[A:botines%20futbol%20hombre],
MercadoLibre,botines futsal,20,0,0.0,,link-fallback,OK,https://listado.mercadolibre.com.ar/botines-futsal,
MercadoLibre,botines sala,20,0,0.0,,link-fallback,OK,https://listado.mercadolibre.com.ar/botines-sala?sb=all_mercadolibre#D[A:botines%20sala],
MercadoLibre,zapatillas urbanas,20,1,0.05,5,link-fallback,OK,https://listado.mercadolibre.com.ar/zapatillas-urbanas?sb=all_mercadolibre#D[A:zapatillas%20urbanas],
MercadoLibre,zapatillas blancas,20,1,0.05,5,link-fallback,OK,https://listado.mercadolibre.com.ar/zapatillas-blancas?sb=all_mercadolibre#D[A:zapatillas%20blancas],
MercadoLibre,zapatillas negras,20,3,0.15,"5,7,9",link-fallback,OK,https://listado.mercadolibre.com.ar/zapatillas-negras?sb=all_mercadolibre#D[A:zapatillas%20negras],
MercadoLibre,zapatillas casual,20,2,0.1,"5,8",link-fallback,OK,https://listado.mercadolibre.com.ar/zapatillas-casual?sb=all_mercadolibre#D[A:zapatillas%20casual],
MercadoLibre,sneakers,20,0,0.0,,link-fallback,OK,https://listado.mercadolibre.com.ar/sneakers?sb=all_mercadolibre#D[A:sneakers],
MercadoLibre,zapatillas ninos,20,0,0.0,,link-fallback,OK,https://listado.mercadolibre.com.ar/zapatillas-ninos?sb=all_mercadolibre#D[A:zapatillas%20ninos],
MercadoLibre,remera deportiva,20,0,0.0,,link-fallback,OK,https://listado.mercadolibre.com.ar/remera-deportiva?sb=all_mercadolibre#D[A:remera%20deportiva],
MercadoLibre,campera deportiva,20,0,0.0,,link-fallback,OK,https://listado.mercadolibre.com.ar/campera-deportiva?sb=all_mercadolibre#D[A:campera%20deportiva],
MercadoLibre,buzo deportivo,20,1,0.05,10,link-fallback,OK,https://listado.mercadolibre.com.ar/buzo-deportivo,
MercadoLibre,short deportivo,20,0,0.0,,link-fallback,OK,https://listado.mercadolibre.com.ar/short-deportivo?sb=all_mercadolibre#D[A:short%20deportivo],
MercadoLibre,ropa deportiva,20,0,0.0,,link-fallback,OK,https://listado.mercadolibre.com.ar/ropa-deportiva?sb=all_mercadolibre#D[A:ropa%20deportiva],
MercadoLibre,zapatillas trail,20,0,0.0,,link-fallback,OK,https://listado.mercadolibre.com.ar/zapatillas-trail?sb=all_mercadolibre#D[A:zapatillas%20trail],
MercadoLibre,zapatillas trekking,20,0,0.0,,link-fallback,OK,https://listado.mercadolibre.com.ar/zapatillas-trekking?sb=all_mercadolibre#D[A:zapatillas%20trekking],
MercadoLibre,zapatillas tenis,20,2,0.1,"1,10",link-fallback,OK,https://listado.mercadolibre.com.ar/zapatillas-tenis?sb=all_mercadolibre#D[A:zapatillas%20tenis],
MercadoLibre,zapatillas padel,20,1,0.05,5,link-fallback,OK,https://listado.mercadolibre.com.ar/zapatillas-padel?sb=all_mercadolibre#D[A:zapatillas%20padel],
MercadoLibre,mochila deportiva,20,0,0.0,,link-fallback,OK,https://listado.mercadolibre.com.ar/mochila-deportiva?sb=all_mercadolibre#D[A:mochila%20deportiva],
MercadoLibre,medias deportivas,20,0,0.0,,link-fallback,OK,https://listado.mercadolibre.com.ar/medias-deportivas#D[A:medias%20deportivas],
MercadoLibre,zapatillas basquet,20,0,0.0,,link-fallback,OK,https://listado.mercadolibre.com.ar/zapatillas-basquet?sb=all_mercadolibre#D[A:zapatillas%20basquet],
